<?xml version="1.0" encoding="utf-8" ?>
<dwsync>
<file name="arrv_anim_1.gif" server="K:/XAMPP_Folder/htdocs/DW_firstSite_OSS/" local="131012947623886862" remote="131012947620000000" Dst="0" />
<file name="arrv_anim_1o.gif" server="K:/XAMPP_Folder/htdocs/DW_firstSite_OSS/" local="131012947624056851" remote="131012947620000000" Dst="0" />
<file name="arr_double_1.gif" server="K:/XAMPP_Folder/htdocs/DW_firstSite_OSS/" local="131012947624236844" remote="131012947620000000" Dst="0" />
<file name="arr_double_1o.gif" server="K:/XAMPP_Folder/htdocs/DW_firstSite_OSS/" local="131012947624416842" remote="131012947620000000" Dst="0" />
<file name="content_bg.gif" server="K:/XAMPP_Folder/htdocs/DW_firstSite_OSS/" local="131012947627556843" remote="131012947620000000" Dst="0" />
<file name="footer_bg_copy.gif" server="K:/XAMPP_Folder/htdocs/DW_firstSite_OSS/" local="131012947632326842" remote="131012947630000000" Dst="0" />
<file name="logo copy.jpg" server="K:/XAMPP_Folder/htdocs/DW_firstSite_OSS/" local="131016667872950562" remote="131016667870000000" Dst="0" />
<file name="homepage.gif" server="K:/XAMPP_Folder/htdocs/DW_firstSite_OSS/" local="131012947633825312" remote="131012947630000000" Dst="0" />
<file name="User (1).ico" server="K:/XAMPP_Folder/htdocs/DW_firstSite_OSS/" local="131012947644752936" remote="131012947640000000" Dst="0" />
<file name="user-group.ico" server="K:/XAMPP_Folder/htdocs/DW_firstSite_OSS/" local="131012947645032898" remote="131012947640000000" Dst="0" />
<file name="school-icon.png" server="K:/XAMPP_Folder/htdocs/DW_firstSite_OSS/" local="131012947640772925" remote="131012947640000000" Dst="0" />
<file name="user.ico" server="K:/XAMPP_Folder/htdocs/DW_firstSite_OSS/" local="131012947645322886" remote="131012947640000000" Dst="0" />
<file name="folder-new.ico" server="K:/XAMPP_Folder/htdocs/DW_firstSite_OSS/" local="131012947630346814" remote="131012947630000000" Dst="0" />
<file name="folder.ico" server="K:/XAMPP_Folder/htdocs/DW_firstSite_OSS/" local="131012947630606853" remote="131012947630000000" Dst="0" />
<file name="courses.JPG" server="K:/XAMPP_Folder/htdocs/DW_firstSite_OSS/" local="131012947628356841" remote="131012947620000000" Dst="0" />
<file name="Summer-user.ico" server="K:/XAMPP_Folder/htdocs/DW_firstSite_OSS/" local="131012947643122901" remote="131012947640000000" Dst="0" />
<file name="dept.jpg" server="K:/XAMPP_Folder/htdocs/DW_firstSite_OSS/" local="131012947629456836" remote="131012947620000000" Dst="0" />
<file name="sy .jpg" server="K:/XAMPP_Folder/htdocs/DW_firstSite_OSS/" local="131012947643382913" remote="131012947640000000" Dst="0" />
<file name="scheduling.png" server="K:/XAMPP_Folder/htdocs/DW_firstSite_OSS/" local="131012947640602926" remote="131012947640000000" Dst="0" />
<file name="dev.png" server="K:/XAMPP_Folder/htdocs/DW_firstSite_OSS/" local="131012947629626846" remote="131012947620000000" Dst="0" />
</dwsync>